{"cameraMode":{"drawMode":0,"name":"Shaded","section":"Shading Mode"},"sceneLighting":false,"audioPlay":false,"sceneViewState":{"m_AlwaysRefresh":false,"showFog":true,"showSkybox":false,"showFlares":true,"showImageEffects":true,"showParticleSystems":true,"showVisualEffectGraphs":true,"m_FxEnabled":true},"in2DMode":false,"pivot":{"x":-2.7320995330810549,"y":1.9577407836914063,"z":-2.5102269649505617},"rotation":{"x":-0.019007474184036256,"y":0.977393627166748,"z":-0.10034738481044769,"w":-0.18513469398021699},"size":5.956086158752441,"orthographic":false}