{"cameraMode":{"drawMode":0,"name":"Shaded","section":"Shading Mode"},"sceneLighting":false,"audioPlay":false,"sceneViewState":{"m_AlwaysRefresh":false,"showFog":true,"showSkybox":false,"showFlares":true,"showImageEffects":true,"showParticleSystems":true,"showVisualEffectGraphs":true,"m_FxEnabled":true},"in2DMode":false,"pivot":{"x":136.03932189941407,"y":0.8614382147789002,"z":-19.10781478881836},"rotation":{"x":-0.12986832857131959,"y":-0.43255841732025149,"z":0.06312227994203568,"w":-0.8899886012077332},"size":1.3560667037963868,"orthographic":true}