{"cameraMode":{"drawMode":0,"name":"Shaded","section":"Shading Mode"},"sceneLighting":false,"audioPlay":false,"sceneViewState":{"m_AlwaysRefresh":false,"showFog":false,"showSkybox":false,"showFlares":false,"showImageEffects":false,"showParticleSystems":false,"showVisualEffectGraphs":true,"m_FxEnabled":true},"in2DMode":false,"pivot":{"x":-0.20228850841522218,"y":0.9617416858673096,"z":0.09918008744716644},"rotation":{"x":0.10937324166297913,"y":-0.8043204545974731,"z":0.5627597570419312,"w":0.15634223818778993},"size":1.4591090679168702,"orthographic":true}