{"cameraMode":{"drawMode":0,"name":"Shaded","section":"Shading Mode"},"sceneLighting":false,"audioPlay":false,"sceneViewState":{"m_AlwaysRefresh":false,"showFog":true,"showSkybox":false,"showFlares":true,"showImageEffects":true,"showParticleSystems":true,"showVisualEffectGraphs":true,"m_FxEnabled":true},"in2DMode":false,"pivot":{"x":0.3990345001220703,"y":2.3380825519561769,"z":0.054292500019073489},"rotation":{"x":-0.06362853199243546,"y":0.9363687038421631,"z":-0.24289800226688386,"w":-0.24528726935386659},"size":3.3196191787719728,"orthographic":false}