{"cameraMode":{"drawMode":0,"name":"Shaded","section":"Shading Mode"},"sceneLighting":false,"audioPlay":false,"sceneViewState":{"m_AlwaysRefresh":false,"showFog":true,"showSkybox":false,"showFlares":true,"showImageEffects":true,"showParticleSystems":true,"showVisualEffectGraphs":true,"m_FxEnabled":true},"in2DMode":false,"pivot":{"x":0.000023484230041503906,"y":0.4018082022666931,"z":-0.0036073625087738039},"rotation":{"x":-0.06362853199243546,"y":0.9363687038421631,"z":-0.24289800226688386,"w":-0.24528726935386659},"size":0.8990005850791931,"orthographic":false}