{"cameraMode":{"drawMode":0,"name":"Shaded","section":"Shading Mode"},"sceneLighting":false,"audioPlay":false,"sceneViewState":{"m_AlwaysRefresh":false,"showFog":false,"showSkybox":false,"showFlares":false,"showImageEffects":false,"showParticleSystems":false,"showVisualEffectGraphs":true,"m_FxEnabled":true},"in2DMode":false,"pivot":{"x":-0.04676377773284912,"y":0.6511740684509277,"z":0.11708003282546997},"rotation":{"x":-0.11122322082519531,"y":0.8189587593078613,"z":-0.1696888655424118,"w":-0.5367888808250427},"size":1.6469051837921143,"orthographic":false}