{"cameraMode":{"drawMode":0,"name":"Shaded","section":"Shading Mode"},"sceneLighting":false,"audioPlay":false,"sceneViewState":{"m_AlwaysRefresh":false,"showFog":true,"showSkybox":false,"showFlares":true,"showImageEffects":true,"showParticleSystems":true,"showVisualEffectGraphs":true,"m_FxEnabled":true},"in2DMode":false,"pivot":{"x":-2.2905616760253908,"y":3.4516916275024416,"z":-1.9369220733642579},"rotation":{"x":-0.04775991290807724,"y":0.7895857691764832,"z":-0.06195896491408348,"w":-0.6086354851722717},"size":11.867552757263184,"orthographic":false}