{"cameraMode":{"drawMode":0,"name":"Shaded","section":"Shading Mode"},"sceneLighting":true,"audioPlay":false,"sceneViewState":{"m_AlwaysRefresh":false,"showFog":true,"showSkybox":false,"showFlares":true,"showImageEffects":true,"showParticleSystems":true,"showVisualEffectGraphs":true,"m_FxEnabled":true},"in2DMode":false,"pivot":{"x":-2.0893325805664064,"y":1.8836288452148438,"z":13.435516357421875},"rotation":{"x":0.220216765999794,"y":0.13990488648414613,"z":-0.03193283826112747,"w":0.9648380279541016},"size":73.14588928222656,"orthographic":true}