{"cameraMode":{"drawMode":0,"name":"Shaded","section":"Shading Mode"},"sceneLighting":false,"audioPlay":false,"sceneViewState":{"m_AlwaysRefresh":false,"showFog":true,"showSkybox":false,"showFlares":true,"showImageEffects":true,"showParticleSystems":true,"showVisualEffectGraphs":true,"m_FxEnabled":true},"in2DMode":false,"pivot":{"x":538.5257568359375,"y":7.042380332946777,"z":65.37706756591797},"rotation":{"x":0.004358356818556786,"y":-0.9760732054710388,"z":-0.019620820879936219,"w":-0.21661438047885896},"size":2.9237351417541506,"orthographic":true}