{"cameraMode":{"drawMode":0,"name":"Shaded","section":"Shading Mode"},"sceneLighting":false,"audioPlay":false,"sceneViewState":{"m_AlwaysRefresh":false,"showFog":true,"showSkybox":false,"showFlares":true,"showImageEffects":true,"showParticleSystems":true,"showVisualEffectGraphs":true,"m_FxEnabled":true},"in2DMode":false,"pivot":{"x":-0.017122268676757814,"y":0.37271931767463686,"z":0.12678387761116029},"rotation":{"x":-0.06362853199243546,"y":0.9363687038421631,"z":-0.24289800226688386,"w":-0.24528726935386659},"size":0.6074681282043457,"orthographic":false}