{"cameraMode":{"drawMode":0,"name":"Shaded","section":"Shading Mode"},"sceneLighting":false,"audioPlay":false,"sceneViewState":{"m_AlwaysRefresh":false,"showFog":true,"showSkybox":false,"showFlares":true,"showImageEffects":true,"showParticleSystems":true,"showVisualEffectGraphs":true,"m_FxEnabled":true},"in2DMode":false,"pivot":{"x":-0.08211326599121094,"y":3.5836737155914308,"z":0.09627437591552735},"rotation":{"x":-0.09184860438108444,"y":0.9068821668624878,"z":-0.2645229399204254,"w":-0.3148908019065857},"size":9.373523712158204,"orthographic":false}