{"cameraMode":{"drawMode":0,"name":"Shaded","section":"Shading Mode"},"sceneLighting":false,"audioPlay":false,"sceneViewState":{"m_AlwaysRefresh":false,"showFog":true,"showSkybox":false,"showFlares":true,"showImageEffects":true,"showParticleSystems":true,"showVisualEffectGraphs":true,"m_FxEnabled":true},"in2DMode":false,"pivot":{"x":27.794597625732423,"y":0.7732264995574951,"z":-42.82143783569336},"rotation":{"x":0.030893005430698396,"y":-0.01499086432158947,"z":0.00043385976459831,"w":0.9994523525238037},"size":1.7320507764816285,"orthographic":true}